{"Forecasted_at_date": 20140829, "Forecasted_at_time": 18, "Forecasted_for_date": 2014, "Forecasted_for_time": 18, "Run_Time": 18, "X": 448, "Y": 288, "Latitude": 49.000036, "Longitude": -112.049818, "WIND_TGL_10": 12.013, "WIND_TGL_40": 14.968, "WIND_TGL_80": 15.852, "WIND_TGL_120": 16.795, "WDIR_TGL_10": 174, "WDIR_TGL_40": 174.1, "WDIR_TGL_80": 174, "WDIR_TGL_120": 174.6, "UGRD_TGL_10": -0.6, "UGRD_TGL_40": -0.649, "UGRD_TGL_80": -0.7, "UGRD_TGL_120": -0.635, "VGRD_TGL_10": 6, "VGRD_TGL_40": 7.673, "VGRD_TGL_80": 8.1, "VGRD_TGL_120": 8.631, "TMP_TGL_2": 60.116, "SPFH_TGL_2": 0.009, "PRES_SFC_0": 88907.719, "TCDC_SFC_0": 37, "NSWRS_SFC_0": 0}
{"Forecasted_at_date": 20140829, "Forecasted_at_time": 18, "Forecasted_for_date": 2014, "Forecasted_for_time": 18, "Run_Time": 18, "X": 449, "Y": 288, "Latitude": 49.001491, "Longitude": -111.920937, "WIND_TGL_10": 12.829, "WIND_TGL_40": 15.978, "WIND_TGL_80": 16.921, "WIND_TGL_120": 17.806, "WDIR_TGL_10": 172.4, "WDIR_TGL_40": 172.6, "WDIR_TGL_80": 172.5, "WDIR_TGL_12": 173.1, "UGRD_TGL_10": -0.8, "UGRD_TGL_40": -0.924, "UGRD_TGL_80": -1, "UGRD_TGL_120": -0.935, "VGRD_TGL_10": 6.4, "VGRD_TGL_40": 8.173, "VGRD_TGL_80": 8.6, "VGRD_TGL_120": 9.106, "TMP_TGL_2": 60.341, "SPFH_TGL_2": 0.009, "PRES_SFC_0": 89371.719, "TCDC_SFC_0": 42, "NSWRS_SFC_0": 0}